title,text,score,url,created_utc,num_comments
Do not ask for medical advice. No exceptions.,"Since nobody reads the rules, maybe this post will be easier to see.

If you ask for medical advice and it gets past AutoModerator, your post *will* be removed as soon as we see it. This includes polling people for their personal experiences as a means to direct your own treatment decisions. 

**Disclaimers like ""I'm not asking for medical advice"" or ""I just want others' opinions and experiences"" have no effect and will not prevent us from removing your post.**

If you see posts or comments asking for medical advice (or anything else that breaks the rules), please report them.

If you haven't read the rules already, please do so. On desktop, they're in the sidebar. On mobile, they're in the Community Information menu, which you can reach by clicking the ""See more"" link below the subreddit description.

https://preview.redd.it/kdmdje1zn2fe1.png?width=480&format=png&auto=webp&s=186a4842b797f8d849e1f8ffd2f10f5725baaba5

If your post or comment breaks the rules, we will still act on it even if you haven't read them. We will also still act on it even if similar rulebreaking posts have previously gotten past us and AutoModerator.",123,https://www.reddit.com/r/ADHD/comments/1i9fb18/do_not_ask_for_medical_advice_no_exceptions/,1737780243.0,0
Did you do something you're proud of? Something nice happen? Share your good news with us!,"What success have you had this week?

Did you ace your test? Get a new promotion at work? Finally, finished a chore you've been putting off? We want to hear about it! Let us celebrate your successes with you! Please remember to support community members' achievements and successes in the comments.",2,https://www.reddit.com/r/ADHD/comments/1kdk43i/did_you_do_something_youre_proud_of_something/,1746244880.0,12
What‚Äôs a weird little ADHD trick that actually works for you?,"Not the polished advice, just the random, kind of silly thing that somehow helps you get stuff done or feel a bit more in control.

For me, it‚Äôs setting a simple kitchen timer instead of using my phone. No apps, no distractions, just that old school ticking sound, and suddenly I‚Äôm moving.

What‚Äôs yours? Maybe these little gems that somehow make life smoother.",749,https://www.reddit.com/r/ADHD/comments/1kg08k0/whats_a_weird_little_adhd_trick_that_actually/,1746523737.0,553
I work 4 days/30 hours a week. I have never been healthier.,"All throughout school and work i have been susceptible to illness from burnout. I'm exhausted and pushing myself day after day, week after week. I would constantly get colds and depression. At least once a year in winter id get some terrible weird illness like strep type C or a bronchial infection that would knock me tf out for 1 week+.

I started a new job last year that i love, has a lot of freedom and flexibility. I work tu-f 9-4 and holy shit does the Monday off make a huge difference! Plus the 9 start vs 7:30 start im used to. My house is clean, im healthy, im feeling happy. Im not living in a state of constant overwhelm. 

I almost got sick a couple times (ominous throat tickle) but I said NO, ate a bag of clementines, and recovered! I haven't been sick in over a year, which is a record. I used to be constantly sickly for entire winters and catch every bug imaginable. Like a frail Victorian woman who needs time by the sea 

My mental and physical health are way improved. But im too poor to buy a house or start a family. I'm finally at almost 30 feeling mentally and physically well. Trade offs....",185,https://www.reddit.com/r/ADHD/comments/1kg426q/i_work_4_days30_hours_a_week_i_have_never_been/,1746536963.0,21
"The moment when you think you didn‚Äôt your meds this morning but there‚Äôs a 30% you did and just forgot, so you‚Äôre scared to take them due to the chance of doubling your dose for the day‚Ä¶","That‚Äôs it, that‚Äôs the post. I don‚Äôt have a memory of taking them or not during my morning autopilot routine. I have accidentally doubled my dose before and NEVER want to go through that again so maybe I‚Äôll stay on the safe side and not take it and drink an extra Monster energy.  That‚Äôs almost the same thing, right?",148,https://www.reddit.com/r/ADHD/comments/1kg4izn/the_moment_when_you_think_you_didnt_your_meds/,1746538237.0,55
What do you do in your free-time? Do you waste it like me?,"There‚Äôs so many things I want to do in my free time. I want to read more things, watch more things, play more things, actually study for my classes, but in reality I just end up spacing out and doing a whole lot of nothing. 

Like recently, I get home from classes excited to continue my reading, and instead I waste my time on social media checking notis constantly, maybe listen to some music, get bored and fall asleep in the early evening, sleep for too long and spend the next day too tired because I‚Äôm screwing my circadian rhythm up.

I‚Äôm just so unproductive, I can‚Äôt even do the things I like, let alone all the things I want to/need to do. 

So what does everyone else do in their free time. I‚Äôm sure some of you have some really cool hobby‚Äôs you love. Are you able to do the things you enjoy, or do you struggle to, like me? Perhaps you used to struggle like me but found a way to overcome this? That would be hopeful.
",46,https://www.reddit.com/r/ADHD/comments/1kga2rv/what_do_you_do_in_your_freetime_do_you_waste_it/,1746551828.0,34
"Those of you who have successfully quit nicotine, was it worth it?","Don't get me wrong, I know the health and financial benefits are definitely there, I'm not denying that. I mean productivity wise.

There is a noticeable difference working with nicotine in hand and without it, I can focus longer and somewhat direct it better than when I'm not using nicotine. Granted, I know that the days I don't have nicotine I'm feeling withdrawal symptoms hence me not being able to work as hard, but I do just see it as another stimulant I can take that will help me focus.

Has quitting nicotine made a change in your productivity/willpower? I don't mean during the withdrawal stage, that's obviously going to be tough, I mean once the fog has cleared. On that note actually, how was withdrawal for those of you who have quit?

I've stopped vaping and use a relatively healthier form of nicotine, but its still not eliminated. I keep telling myself that its justified because nicotine is something that is known to help people with ADHD focus (to a degree, with obvious negatives), so I've kind of held off on fully quitting.

I feel like I should mention that I haven't been using nicotine in place of medication, I never will and I am medicated. I also do not mean to glorify nicotine, take it from someone who uses it, I wish I never started.

Edit: Thank you all for your comments! Having all you lovely strangers say in almost perfect unison ""Yes, quitting is one of the best things I've done"" has really cemented in the fact that I am going to quit, within the next couple of days. I always knew that I should, but hearing people acknowledge the difficulty and mention the plethora of benefits to quitting has really helped. Thank you all!",65,https://www.reddit.com/r/ADHD/comments/1kg69rg/those_of_you_who_have_successfully_quit_nicotine/,1746542679.0,102
A way to explain ADHD that I've found effective,"You can try to explain it in terms of executive dysfunction (which they rarely if ever can empathize with or understand) or you can try another way‚Äîframing and examples of how our minds work.

One that has weirdly resonated: different camera lenses.

Most people have a standard 35mm camera lens for information. They can zoom in and hold focus there, but can't see whats immediately around that focus/aren't distracted by it.

ADHD is like a fish eye lense. I see the bigger picture, but also struggle to zoom in and maintain focus with all the surrounding noise.

The result is better pattern recognition, creativity and big picture thinking, empathy, etc. But I can't stay zoomed in on things, which can be a weakness in certain work roles and environments.

Whats worked for you, explaining to friends or partners etc?",2236,https://www.reddit.com/r/ADHD/comments/1kfkozu/a_way_to_explain_adhd_that_ive_found_effective/,1746473702.0,295
I can't get myself to do 'The Thing',"I haven't met with my therapist since February. Why? Because my insurance information changed in the new year and I had to call her office and give them my new insurance card information. For some reason my brain tells me I have to set up a dentist appointment first because that was on my list to do before I needed to update my insurance info with my therapist. However I really hate going to the dentist and also can't get myself to call and make an appointment even though I do want to. I do want to take care of my teeth and all that. But whenever I am about to sit down and call and make an appointment I think to myself ""well I should probably get better with my flossing first so when they floss my gums don't bleed."" 

So at that point, I can't see my therapist until I get better at flossing. Somehow I actually did keep with it and have gotten better at flossing, but now it's been so long since I was supposed to see my therapist that now I feel too embarrassed to call and be like ""hey remember me from 3 months ago? yeah here is my new insurance info."" And THEN now I'm nervous my therapist won't have open space for me and that I'll have to get another therapist and I really don't want to have to do that. 

Logically, I KNOW that taking even more time to do it won't help anything. Thinking it through, I do KNOW that I really should just DO THE THING. But oh my god it is SO hard to do so. There have been a couple times I convinced myself to sit down and do it but then got distracted by something and I can't even remember what.

Anyway I guess this is mostly a vent/rant hoping that after posting this I'll feel like I can do it now. Or maybe other people will have words of wisdom or tricks that helped them 'do the thing'",39,https://www.reddit.com/r/ADHD/comments/1kgaed9/i_cant_get_myself_to_do_the_thing/,1746552601.0,26
"I am AuDHD, can someone explain why I‚Äôm so jealous all the time of other?",Like if friends or family are doing well I get so jealous. Or if kids get things that I ‚Äòdidn‚Äôt have‚Äô as a kid I‚Äôm jealous and talk it down! I don‚Äôt like being like this but I need to understand why I feel like this to start this journey of recovery. Any advice or help or explanation of coping mechanism would be great. Thank you so much,16,https://www.reddit.com/r/ADHD/comments/1kgbv0j/i_am_audhd_can_someone_explain_why_im_so_jealous/,1746556082.0,25
Hyperfixation causing me to lose an entire day.,"I hate it when a hyperfixation gets this bad, it's all I can think about and everything else disappears. I've been playing shadows of doubt today after thinking about it all weekend. Woke up this morning, had breakfast and decided to get a couple hours in game afterwards before I start trying to tackle household chores. Didn't happen. Instead I was playing for so long the day just vanished and before I knew it my mum was getting home from work. My brain feels foggy and even when  I've put the game down, I'm still thinking about it. It's slightly exhausting actually. Does anyone else feel this way?",12,https://www.reddit.com/r/ADHD/comments/1kgcihy/hyperfixation_causing_me_to_lose_an_entire_day/,1746557655.0,10
ADHD and 'Stonewalling',"So I recently discovered the word for what I do when I get overwhelmed/ jealous even since a kid. I guess I really try to avoid it and looking back I always get embarrassed that I do this. Does anyone know any methods they use to try to avoid this? I just sort of get overwhelmed and go full 'turtle' mode and try to run away from something that overwhelms me. I just can't seem to conquer it. For anyone that doesn't know its when you shut yourself away from people and just stop talking or communicated when you get overwhelmed. I know it's childish but I just can't help it and I feel like it's going to ruin my relationships in the future if I continue.

:(",59,https://www.reddit.com/r/ADHD/comments/1kg0ubb/adhd_and_stonewalling/,1746526245.0,20
ADHD Site Rated 'Pro-Science' by MBFC,"[https://additu.de](https://additu.de) was recently rated ""**Pro-Science due to its commitment to providing evidence-based information on ADHD and related conditions.¬†The publication is rated High for factual reporting, reflecting its rigorous editorial standards and reliance on expert-reviewed content.**""",11,https://www.reddit.com/r/ADHD/comments/1kgcq5w/adhd_site_rated_proscience_by_mbfc/,1746558175.0,4
I genuinely fucking hate having ADHD.,"I'm not completely blaming it on my ADHD (partially me) but I hate when I just can't control myself and just fuck with people, then after I get beat up, I think to myself ""I'm really annoying, how can I change this"" I do not want to be like this. Please discuss how I can control myself easier and not have bursts like that ",143,https://www.reddit.com/r/ADHD/comments/1kfwcov/i_genuinely_fucking_hate_having_adhd/,1746507079.0,37
"Fuck it, I'm wearing a fanny pack from now on","Almost left my keys and airpods on my flight. Nearly walked beyond the point where you can't return to the terminal without going through security before I realized. Thankfully someone spotted them and gave it to the gate agent. Had a mini panic attack for real.

Using fanny packs when traveling has made it much easier to keep track of my first hand items. ",373,https://www.reddit.com/r/ADHD/comments/1kfpujz/fuck_it_im_wearing_a_fanny_pack_from_now_on/,1746486666.0,115
Meds make quitting nicotine even harder.,"Hello, i‚Äôve been diagnosed with severe ADHD, and i‚Äôm in high school. (F) I take Vyvanse for my ADHD, which has been amazing, but one side effect that i‚Äôve noticed is that it makes me crave nicotine 100 times more. 


I‚Äôve been vaping for 2 and a half years now, it smh biggest regret but nowdays most people do it. I‚Äôm genuinely beyond terrified of the negative side effects that come with smoking in the future but I just literally can‚Äôt quit and i‚Äôm thinking it‚Äôs due to my meds.

If i skip a day or two of my meds, i barely even think/crave nicotine/smoking, but 95 percent of the time when i do take my medications the second it begins to kick in i start NEEDING to hit a vape, and if i don‚Äôt have one accessible i‚Äôll begin to feel depressed all day‚Ä¶.

Im in such a weird spot because without my medications i truly can‚Äôt function, and i need them for school, but at the same time when im on them it feels so much harder to quit.

Has anyone went through something similar, and if so did you overcome it and how? üôÅ",17,https://www.reddit.com/r/ADHD/comments/1kg7lz0/meds_make_quitting_nicotine_even_harder/,1746545908.0,28
Is medication the only real option?,"I‚Äôm 23 about to turn 24 in a few months and i‚Äôm just not where I want to be. I was diagnosed with ADHD when I was a kid & I remember taking meds for a very brief amount of time but my mom stopped giving it to us because in her words ‚Äú they made us act like zombies‚Äù, but now i‚Äôm 23 and I feel like I have no other choice, it feels like i‚Äôm wasting my life away because i‚Äôm unable to dedicate myself to anything, I‚Äôve tried college but it was during covid so it was online and I wasn‚Äôt able to focus at all. I‚Äôm very impulsive so i‚Äôm terrible with my finances and i‚Äôm just unable to do anything. I cant sit down and commit myself to anything even if its something I should enjoy, I cant sit down and watch a tv show because ill get distracted and next thing I know its too late, I cant play a game for more than 20-30 minutes without getting bored, nothing is able to hold my attention. I find myself doing absolutely nothing on my days off of work and even on days I work I wont do much leading into my shift, i‚Äôm just not sure what to do. Should I consider getting on meds? will meds fix any of these issues i‚Äôm having ? any insight helps, i never wanted to rely on medication but i feel like i‚Äôm running out of time trying to manage it myself. I‚Äôd love to hear how meds helped some of you. Also, i‚Äôm not sure how to go about getting meds? I was diagnosed with ADHD back when I lived in NJ but I now longer live there and that initial diagnoses was so long ago that I assume I need a new one?? any info helps.",9,https://www.reddit.com/r/ADHD/comments/1kgdiut/is_medication_the_only_real_option/,1746560151.0,14
Do meds help you read better?,"I have an ever-growing collection of books which I have yet to finish - or even read. The Final Empire, Discworld, The Great When, War Of The Worlds and The Brothers Karamazov to name a few examples. I've grown to really like books and it sucks that its so hard to focus on them. I have the usual issue or having to re-read the same sentence over and over again to get anything from it, but I also struggle with audiobooks. I tend to zone out when listening, go back 30 seconds to hear what I missed, zone out again, miss the same part, go back 30 seconds, repeat. Its made experiencing books really difficult and I hate it. 

I'm on the road towards getting meds for the first time, and I'm curious if meds can help me just be able to read easier? I'd love to just sit down and read something without losing track every minute or so.",8,https://www.reddit.com/r/ADHD/comments/1kgc3ef/do_meds_help_you_read_better/,1746556654.0,7
Adderall Rx Check-ins - How Often is Required?,"I'm very concerned that the psychiatry practice I need to see for my generic Adderall prescription is just fleecing me for office visits. They want a visit every 3 months. When I go in, the provider I see is clueless about me, my other prescriptions, or anything that they've asked me in the past. I often have to say, ""As you told me in our last appointment..."". Its maddening. They do the barest of evaluations - their notes are often wrong - and I feel as though this isn't psychiatry treatment but just seeing if I've become some sort of junkie. 

I'd really like to hear the experiences of others on this med. Thanks! ",15,https://www.reddit.com/r/ADHD/comments/1kg6qic/adderall_rx_checkins_how_often_is_required/,1746543822.0,47
Everything i do is solely for the purpose of passing time.,"For the past couple of years, i haven't been passionate about ANYTHING. I hate that everything is about ""Will this make the time fly by faster?"" and not ""Will i actually enjoy this?""
I'm in highschool and i only go 3 days a week, (this is my first semester of school ever in my life) the education system is a joke, i barely have any work and it's all so lackluster, i have HOURS of free time each day. My parents don't have much time to take me places, but i have many things i could do at home.
I technically enjoy making art, cleaning and doing activities with my pets, but i just don't feel like doing anything at all. It's hard to explain, 80% of my day is literally just watching time pass.
I've tried working out, going on walks, doing grounding exercises or sleeping more but to no avail. I also cannot take any ADHD medications because i dislike eating and it'll surprises my appetite, which i already barely have.",6,https://www.reddit.com/r/ADHD/comments/1kgda06/everything_i_do_is_solely_for_the_purpose_of/,1746559542.0,6
Kind of Weird ADHD symptom,"There is this odd thing I do that is kind of hard to describe and I can‚Äôt remember seeing mentioned anywhere and so I‚Äôm not sure if this is my ADHD or just some other weird thing my brain does for a different reason. 
We all know that we forget to things, for instance I often forget to close cabinet doors. But do you ever not doing something but with irrational intention instead of forgetfulness? For example, I find myself leaving the fridge door open if I got something out of it to use and plan to put it back in there afterward. And not because I forgot to close it, it‚Äôs like I actually have to talk myself into closing it in between. Like an internal argument with myself on whether to leave it open or close it‚Ä¶ but for what reason? There is literally no reason to leave it open. Sometimes I think it‚Äôs due to coping mechanisms I‚Äôve created.. like maybe fearing if I don‚Äôt leave the fridge door open then I won‚Äôt put the cold thing back in the fridge where it belongs. Do other people experience this? ",7,https://www.reddit.com/r/ADHD/comments/1kg9vkq/kind_of_weird_adhd_symptom/,1746551353.0,4
how do i get taken seriously?,"I'm really struggling with the idea of seeking an ADHD diagnosis, and honestly, the things that make me suspect I have ADHD are the same things that make it so hard to ask for help executive dysfunction, fear of rejection, overthinking, etc.

On the outside, I probably look like I‚Äôm doing fine. I‚Äôm in my last year of high school, getting average grades, but privately I‚Äôm really struggling to keep up. I relate to a lot of inattentive-type ADHD symptoms and some impulsivity too. It‚Äôs taking a toll, especially since this year is crucial for getting into my dream university. Without support or answers, that goal feels more and more out of reach.

I‚Äôve tried opening up to people about it some with ADHD but I‚Äôve sometimes been met with defensiveness or comments like I‚Äôm being dramatic or making it harder for ‚Äúreal‚Äù ADHD folks, which honestly feels unfair since I haven‚Äôt even been assessed. My siblings have diagnosed ADHD, but they‚Äôre all very hyperactive and did much worse in school. Because I‚Äôm more reserved and internalize things, they just don‚Äôt believe me when I try to explain what I‚Äôm going through.

It feels like the only way to be taken seriously is to completely lay bare all of my insecurities, and that‚Äôs terrifying. I don‚Äôt know who to turn to or how to even start the process. I want to book an assessment myself, but I‚Äôm scared I won‚Äôt be believed or worse, that I‚Äôll be told I‚Äôm just lazy or overthinking it.

If anyone has been through something similar, I‚Äôd really appreciate any advice or even just reassurance that I‚Äôm not alone in this.",29,https://www.reddit.com/r/ADHD/comments/1kfzn7y/how_do_i_get_taken_seriously/,1746521174.0,27
ADHD and exercise,"I‚Äôm currently on a health journey but I just can‚Äôt get myself to do physical exercise. I‚Äôve been to the gym, had exercise routines, personal health coaching, bike riding, walking, reward system, ring fit. I‚Äôve done everything I can possibly think of but I get bored. 

What do you guys do?, I need motivation. ",26,https://www.reddit.com/r/ADHD/comments/1kfznff/adhd_and_exercise/,1746521200.0,44
Vyvanse 40mg - capsules not full?,"Hey everyone, I saw some posts about this a few years ago, but I didn‚Äôt really see an answer to what I am looking for. Recently my capsules for 40 mg Vyvanse have been inconsistent. Does anyone know how much they should actually weigh? I do have a scale and unfortunately didn‚Äôt weigh capsules in the past to see what their weight was then. I tend to split these in half every now and then The last batch I received  are not nearly as full as usual. In the past I felt like there was a difference but this seems drastic. I‚Äôm curious to see if anyone knows the actual weight? Did they change the formula?",4,https://www.reddit.com/r/ADHD/comments/1kgbsup/vyvanse_40mg_capsules_not_full/,1746555933.0,9
How do you manage personal accountability?,"Like the title says, I'd like to hear what the ADHD crew does to hold themselves accountable for following through, owning your symptoms, and how much personal understanding and self-forgiveness are a part of that for you.

I've always struggled with follow through, weather it's keeping in touch with friends and family or simply doing what i say I'll do. Sometimes its forgetfulness, sometimes i just can't get myself to do-the-thing, and after too long it's shame that holds me back. I know this impacts others including those i hold most dear. ",8,https://www.reddit.com/r/ADHD/comments/1kg54pn/how_do_you_manage_personal_accountability/,1746539825.0,4
How do you deal with the waves of emptiness and hopelessness that come with ADHD?,"I‚Äôm just looking for some honest perspectives here.

I‚Äôve been diagnosed with ADHD, and something I‚Äôve been struggling with more and more is this deep sense of emptiness and hopelessness that seems to come and go in waves. Sometimes I feel okay, motivated even and then other times, I‚Äôm hit with this overwhelming sense that nothing matters, and I can‚Äôt see a way forward. It‚Äôs like my mind flips a switch and everything feels grey.

I‚Äôm not sure if this is just part of ADHD, or if it‚Äôs something else riding alongside it (depression maybe?), but either way, it‚Äôs draining. I‚Äôve tried routines, meds, distractions, even pushing through it, but it always circles back.

If you‚Äôve been in this place, how do you handle it? What actually helps? I‚Äôm tired of feeling like I‚Äôm floating through life without any real direction or connection.

Any advice or personal stories would mean a lot.

Thanks in advance.
",424,https://www.reddit.com/r/ADHD/comments/1kffuzw/how_do_you_deal_with_the_waves_of_emptiness_and/,1746462270.0,109
"Made an app and my friend with ADHD says it's helping him, is there something here?","I created a new app, and my friend, who deals with ADHD, everyday used it and liked it.

He has a hard time focusing on his projects, and his daily chores.

The app helps you jot down your scattered thoughts and ideas into a private space then creates a neat digest that you can go back to for a specific day. The digest is written from your own words and it‚Äôs a slightly different perspective on what happened and helps you connect the dots.

He said that it‚Äôs a ‚Äúcognitive translator‚Äù to him, this was new to me.

Does this make sense or could potentially help others dealing with ADHD?¬†

To not spam, ask me via DM or comment and I can share the link",2,https://www.reddit.com/r/ADHD/comments/1kgg3k4/made_an_app_and_my_friend_with_adhd_says_its/,1746566437.0,1
How do I make tell my (F 29) husband (M 27) that I think I‚Äôm entering a manic episode?,"BACK-STORY: 

How do I make tell my (F 29) husband (M 27) that I think I‚Äôm entering a manic episode? I can feel myself entering a manic episode. I have never noticed the manic episodes. Like many people with this ‚Äúaffliction‚Äù it just feels normal, in a sense I am happier during the manic episodes so they become somewhat a comfort. I look forward to them; however, this depends on how intense the ‚Äúlull‚Äù or depressive episode was before the mania. This time I was extremely depressed.

We met while I was in a manic episode and then we both ‚Äúsettled down‚Äù. I am stressed because I don‚Äôt know how he will perceive it once it happens. I can casually say ‚Äúhey I think I am entering a manic episode,‚Äù but I don‚Äôt think he will truly understand. 

So my question is‚Ä¶.
HOW DO I TELL SOMEONE, THAT DOESN‚ÄôT 100% UNDERSTAND MANIC EPISODES, THAT I FEEL MYSELF GOING INTO ONE???",2,https://www.reddit.com/r/ADHD/comments/1kgg2q2/how_do_i_make_tell_my_f_29_husband_m_27_that_i/,1746566377.0,2
I like healthy foods but it‚Äôs like I forget they exist. Help?,"I have struggled with my weight for 15+ years and I really have let myself go the past couple years. I like a lot of healthy foods and consider myself very much not a picky eater however I still eat garbage food. 

It‚Äôs gotten to a bad point where I don‚Äôt buy produce anymore because I will forget it exists or I‚Äôll be to lazy to cut it up or make it and I feel bad that I throw it in the trash. However, if I‚Äôm at a party, I am munching like crazy on the veggies and dip. 

What can I do to motivate myself to actually eat these healthy foods that I do really like? What has helped you? ",42,https://www.reddit.com/r/ADHD/comments/1kfvdmy/i_like_healthy_foods_but_its_like_i_forget_they/,1746503557.0,32
Dyslexia or/and ADHD,"Hello!

I think in this sub-reddit u already read a lot of this type of post, so I already say sorry if it's repetitive or I should search it better or because I talk a little bit off the subject of this sub-reddit (and for my english);

In this period of time I'm making a project for Dyslexia (because I have the certification of Dyslexia from when I was 6) that make me do a lot of research, and while i was searching I found some papers that show how that it' almost sure that who have the dyslexia have another type of disturb of study (especially ADHD).

This make me unite so many little hint that I was taking not so seriously, in fact a lot of (small or big) habits in my life i found out are relate to the ADHD, also because people have pointed them out to me, like:

* The difficulty to manage my time
* Falling in the doom scrolling
* Be really disorganized and chaotic in my environments
* Been pretty difficult to respect a dead line, with procastination
* and many more

I'm also finding really helpful my way to study or to arrange things that I found out are used to be suggest to the person with this disturb, 

(I have to admit that some of them are from social and I think this type of techniques are pretty useful also for the non-ADHD person because are relate to the efficiency).

I'm already taking some contact and appointment for making some test to be sure of to be ADHD, but in the while time I feel pretty insecure of a lot of things that I was considered sure,

  
So I ask for any suggestion for this period or story of how u found out and how u manage (I am a newbie in this)",2,https://www.reddit.com/r/ADHD/comments/1kgeq8o/dyslexia_orand_adhd/,1746563066.0,1
Hygiene correlating with ADHD,"I'll summarise: I never shower or wash my hair. I have to actively go out in public to feel the hideous shame of being disgusting on my skin. That's the only thing that brings me to shower/wash my hair. 
Building routines is almost impossible because of my ADD. What's something that forces me to do hygiene without just deleting all my self worth?",2,https://www.reddit.com/r/ADHD/comments/1kgemwp/hygiene_correlating_with_adhd/,1746562835.0,12
Feeling of unease,"How many of you have a near constant feeling of unease, or slightly on edge, and needing to do something? 
Anyone found a way or medication that makes it go away? 
The only thing that takes it away for me is exercise and alcohol, but alcohol makes me feel awful now, so I don't drink. 
What do you guys do?",11,https://www.reddit.com/r/ADHD/comments/1kg1o3h/feeling_of_unease/,1746529425.0,11
THERE IS NO WAY I‚ÄôM BURNED OUT DOING NOTHING an unhinged rant.,"I am typing this while rotting in my bed for the fourth day now, why I‚Äôm doing this instead idk? Studying for finals, doing an assignment, applying internships, packing my dorm or anything else? You probably know and so do I it‚Äôs because I have to do all those thing and that is what caused me to burn out. WHICH I FIND SO GODDAMN RIDICULOUS I DIDNT DO ANYTHING I DONT DESERVE TO BE BURNED OUT AAAAA. I‚Äôm trying to get into a profession where people get burned out on a regular basis because they are actually doing things and getting emotionally affected by the work. I can do it I won‚Äôt be limited by my own brain but why am I still in this bed ? tomorrows another day is what I said for three days and guess what‚Äôs tomorrow today? My bloody final . I‚Äôll pass I always do maybe I‚Äôll get an A if I‚Äôm lucky. But this ability to pass without doing anything is a crutch to actual hard work that will get me places and what I goddamn want. I know what I‚Äôm doing wrong will I get out of bed? No. I have every bloody reason to do so, I had the focus to type this rant but not the energy to do what I need? Help me. This is me trapped in the body that doesn‚Äôt move, when I send this out and and couple minutes I won‚Äôt care anymore. When I see the responses I‚Äôm going to be embarrassed I even sent this out. 

Thank you for anyone for listened to my deranged ramblings. Tomorrow is another day even though it 2pm today.",244,https://www.reddit.com/r/ADHD/comments/1kfia2t/there_is_no_way_im_burned_out_doing_nothing_an/,1746468005.0,30
"Norepinephrine/Noradrenaline ‚Äî stress hormone? Nah, peace hormone for me","So I always hear that norepinephrine (or is it noradrenaline? same thing, right? üòÖ) is supposed to be a *stress hormone*. People seem scared of it like it's gonna send them into fight-or-flight mode.  
But for me? It turns me into the *calmest*, *chillest* person alive. Like seriously, zen mode activated üòÇ

Meanwhile, serotonin‚Äîsupposedly the ‚Äúfeel-good‚Äù one‚Äîjust makes me a rage machine for some reason. No clue why, just my personal experience lol.

Anyone else feel like their brain didn't read the hormone manual?",3,https://www.reddit.com/r/ADHD/comments/1kgal7m/norepinephrinenoradrenaline_stress_hormone_nah/,1746553056.0,5
"When they hit you with the ""is everything okay at home?????""","It‚Äôs so frustrating to hear. I don‚Äôt usually tell people about my ADHD, especially at work, or in this case, during my internship. I‚Äôve been interning for three months now, rotating between supervisors every two weeks. At the end of each rotation, when I get my evaluation, there‚Äôs always a variation of the same comment: ‚ÄúI didn‚Äôt want to ask, but sometimes you seemed a bit out of focus and really forgetful. I wondered if you were struggling with something at home. Is everything okay?‚Äù

It‚Äôs exhausting. To be fair, Im good at my job and genuinely try my best. I just make the occasional careless mistake, in a very typical ADHD way. But those comments, especially the ones delivered in that fake concerned, condescending tone really bother me. Like, just tell me what I did or didn‚Äôt do objectively. Critique me like a normal adult. Why try to psychoanalyze or come up with a dramatic reason behind a few lapses?

Has anyone else experienced this? If yes, how do you deal with it?",6,https://www.reddit.com/r/ADHD/comments/1kg3m96/when_they_hit_you_with_the_is_everything_okay_at/,1746535701.0,3
I built a focus timer app because I was tired of bloated ‚Äúproductivity‚Äù tools,"Lately I‚Äôve been trying to simplify the way I work. Most time management apps I tried felt‚Ä¶ overdesigned. Too many features, subscriptions, popups. I just wanted something that helped me focus, nothing else.

So I made my own. It‚Äôs a simple Pomodoro-style timer with ambient sounds ‚Äì no ads, no premium features, just tap and go. It‚Äôs called *Rhythmiq*. I made it mostly for myself, but maybe someone here finds it useful too.

App Store: [https://apps.apple.com/app/id6745226873](https://apps.apple.com/app/id6745226873)",3,https://www.reddit.com/r/ADHD/comments/1kg75cp/i_built_a_focus_timer_app_because_i_was_tired_of/,1746544805.0,3
How come I feel most present in the chaos?,I'm not sure how to frame this but I feel I have become a chaos agent during certain times of the year. I recognize what action would be rational and good and then I want to get thrown into a sh@#storm of crazed wilderness vs the rationality and calmness that those around me are craving. You don't have to tell me why... But can you explain why? I'm very sad and conflicted. I feel shame and anger. I feel broken and less ... ,5,https://www.reddit.com/r/ADHD/comments/1kg58c2/how_come_i_feel_most_present_in_the_chaos/,1746540073.0,1
1 Week No Medication,"I wanted to share my experience with managing my ADHD without medication for a week in hopes to find people with similar experiences to this.

i ran out of medication and couldn‚Äôt refill it until today because my insurance coverage changed. ive managed my adhd (without knowing) for 20 years without meds because i was undiagnosed until this year. 

while i still had my meds and took them at the time i am prescribed, id notice the medication felt like it worked 50% of the time. this led me to believe my meds weren‚Äôt working but in fact they were. i was organized with my coursework schedule, able handle my workday, even read things and retain information. dealing with my adhd without medication for a week slapped me in the face because i didnt ever ‚Äúfeel‚Äù my meds work when i took them. i relied on older and negative coping mechanisms to get through this week. my mood has been all over the place and my executive dysfunction is at an all time high. 

my questions for everyone: 

has anyone else doubted their medication‚Äôs effectiveness and have been humbled when they didn‚Äôt take their meds for a period of time?

& 

why do my adhd symptoms seem worse now,(while unmediated) compared to when i didnt know i had adhd and handled it without medication? 


",22,https://www.reddit.com/r/ADHD/comments/1kfx16l/1_week_no_medication/,1746509743.0,16
What was the symptom(s) that lead you to get tested?,"I am seriously considering the ADHD testing, though it seems that in my country there's only one med and difficulty to get diagnosis and treatment.
I am however very worried that the issues I have are just personality quirks and not ADHD. These ""quirks"", however, really interfere a lot with my life: work life, finances and relationships. It seems I have just destroyed yet another relationship, I'm trying to navigate job and my finances are absolute mess. All because of impulsive sh*t I do all the time without seemingly be able to have control of it.
I am a bit ashamed to waste professional's time in case I'm just severely lacking discipline. I don't want to look like I'm trying to find a diagnosis to give me reason to keep doing bad decisions.
What was the symptom that was key to your understanding that you do need to get checked?",3,https://www.reddit.com/r/ADHD/comments/1kg6rtu/what_was_the_symptoms_that_lead_you_to_get_tested/,1746543913.0,43
What to expect,I see a psychiatrist today for the purpose to be tested for ADHD and go over meds. What should i expect out of this? This is the first meeting. I am not certain of the types of questions I will be ask or what type of testing that I may undergo. What are some of your experiences with testing?,5,https://www.reddit.com/r/ADHD/comments/1kg6gu5/what_to_expect/,1746543170.0,8
Get up. Stretch. Drink water. Go pee.,"„É≠ Take your meds
„É≠ Brush your teeth
„É≠ If you haven't eaten anything yet, get a lil snack
„É≠ Unclench your jaw
„É≠ Throw away that small scrap sitting on your floor in the corner
„É≠ Roll your shoulders back and massage your lower back a bit

Just little reminders to take care of yourself (‚Å†ÔΩ°‚Å†ÔΩ•‚Å†œâ‚Å†ÔΩ•‚Å†ÔΩ°‚Å†)‚Å†Ôæâ‚Å†‚ô°

Hope y'all have a great day. ",260,https://www.reddit.com/r/ADHD/comments/1kfffcm/get_up_stretch_drink_water_go_pee/,1746461234.0,43
A meditation/calming technique I accidentally stumbled upon.,"I‚Äôm sorry if this is a ‚Äúno-duh‚Äù kind of situation, but it‚Äôs a breakthrough for me. Hopefully it can be helpful to some others here.
I have tried many times over the years to meditate. I used to think that it should involve clearing my mind, being completely empty of thoughts. Well, obviously that‚Äôs not going to happen, especially not with my ADHD. I have a constant stream of visual and audible noise going on in my head, and trying to suppress it all is like trying to grab smoke.
Here‚Äôs what eventually worked for me. Instead of eliminating the sensory flow in my head, I fill it with something benign. Specifically, I imagine a circle that expands and contracts with my breathing, and I think ‚Äúin‚Äù and ‚Äúout‚Äù as I do so. This ‚Äúblocks‚Äù the passages that are normally filled with complete chaos. I give them something boring to do, rather than trying to ignore them. This lets my mind stay busy while also letting me find some peace and quiet. Obviously my mind will want to wander away from the circle, but that‚Äôs just part of the practice. And I find it‚Äôs much easier to bring my thoughts back to a thought rather than pushing my thoughts down.
This technique has helped me sleep when I otherwise struggled. And it has helped me to calm down at times when I need it.",5,https://www.reddit.com/r/ADHD/comments/1kg67ed/a_meditationcalming_technique_i_accidentally/,1746542514.0,1
does adderall ever make your muscles ache?,"it feels like i did an extreme workout yesterday. i start breathing heavy after walking down a long hallway, and going up stairs makes my legs hurt like i was lifting weights yesterday. has anyone else had this problem? is there a way to get rid of it? i started adderall last wednesday",52,https://www.reddit.com/r/ADHD/comments/1kfrycj/does_adderall_ever_make_your_muscles_ache/,1746492762.0,36
It‚Äôs all coming crashing down,"I hardly know where to start but thank you for picking this up. 26 and unmedicated this whole time. I feel like it‚Äôs gotten so bad it‚Äôs actually destroyed a great majority of my life, and I know there‚Äôs a past that was tarnished and I get hurt realizing how much my adhd has taken over my life. I have lost so many relationships and people I loved because there was a symptom or there was a miscommunication of sorts, which a lot of times turned hostile. A lot of my days now are spent in irritability and simply just tryin to stay on track to the idea I had 30 minutes ago. I talk to my family and friends, and unfortunately I am in the bible belt. Whenever the topic of ADHD or mental health arises I swear on everything I love it‚Äôs like how you turn the lights on and all the critters scurry back to the darkness to ignore the light. So it feels like‚Ä¶ like nobody near me cares to know the details. There feels to be a lot going wrong dealing with this and so I have offset depression bad from dealing, so I really just wanted to get on here and see if I could connect with another person. I have never felt this overwhelmed in my life. Thank you to whoever reads. ",31,https://www.reddit.com/r/ADHD/comments/1kfu6sb/its_all_coming_crashing_down/,1746499614.0,15
Pregnant & stopping the meds,"Give me your most unhinged methods of coping with abrupt stopping of meds. For context I work in tech sales & my meds have rly been helping me get shit done. I'm on day 3 now without my meds. I'm spacing out every few mins in the office üòÇ 
So far I've been sticking to regular to do lists but find myself choosing to do other tasks (duh). ",5,https://www.reddit.com/r/ADHD/comments/1kg3nqe/pregnant_stopping_the_meds/,1746535828.0,16
"I'm 16, I have no idea what's going on, please guide me","I never really understood ADHD, and neither did my family. I was always a bright student, barely studied, and still got top grades. But around Year 10 and 11, everything changed. My old habits, like procrastinating and leaving things to the last minute, stopped working. My grades dropped, and my parents thought I was just being lazy. But I wasn‚Äôt. No matter how hard I tried, I couldn‚Äôt focus or start anything. And I hated myself for it.

In Year 11, I came across some ADHD videos. At first, I dismissed it, but the more I watched, the more everything made sense. Online tests said I was highly likely to have ADHD, but when I told my parents, they shut me down. Even my school‚Äôs psychology teacher dismissed it as either anxiety or attention seeking. I felt more lost than ever.

I still don‚Äôt have answers, but I know something‚Äôs wrong. I can‚Äôt focus, I can‚Äôt finish tasks, I procrastinate endlessly, and even when I want to study, I just freeze. I forget simple things, zone out in conversations, and constantly feel exhausted even when I‚Äôve done nothing.

I don‚Äôt know if it‚Äôs ADHD, anxiety, or something else. But I feel broken, like I‚Äôm stuck in a loop I can‚Äôt escape. I don‚Äôt want attention. I just want help. I just want to understand what‚Äôs wrong with me.",1,https://www.reddit.com/r/ADHD/comments/1kgg34n/im_16_i_have_no_idea_whats_going_on_please_guide/,1746566407.0,1
28M. Clueless about career interests and constant fear of failure.,"I began with a degree in Industrial Engineering, then spent three years preparing for competitive exams without success while working in real estate to support myself. Later, I moved to the U.S. for a master‚Äôs degree, where I was diagnosed with ADHD. It has now been a year since graduation, and I still have not secured a job. The repeated rejections have taken a toll, draining motivation and confidence, and leading to serious thoughts of moving back to India. I carry a heavy sense of guilt, feeling as though I have wasted $100,000 of my parents‚Äô savings, with no clear path forward in a career aligned with my education.

Through all of this, I have come to recognize something important: I have a natural ability to connect deeply with people one-on-one. I can sense how others are feeling, and many have told me I bring a healing presence. Still, I do not know how to turn that into a meaningful career. I often feel paralyzed by fear, whether it is interviews or committing to a specific path.

I understand that every journey is unique, but growing up in an environment of constant comparison makes it hard to accept where I am now.

Any advice, insight, or shared experiences on finding direction, building confidence, or navigating a career transition would mean a lot. I am open to all thoughts.",1,https://www.reddit.com/r/ADHD/comments/1kgg0kj/28m_clueless_about_career_interests_and_constant/,1746566229.0,2
I bet you aren't able to clean the dishes today!,"C'mon you silly goober, or are you afraid, huh?
Bet you can't even clean some dishes today! Not even 10 minute speed cleaning! What, is the sponge really that terrifying? Lil' person is afraid of teeny tiny amount of dish soap?

(Celebrate by roasting me in the comments once you're done with the dishes)",245,https://www.reddit.com/r/ADHD/comments/1kfe282/i_bet_you_arent_able_to_clean_the_dishes_today/,1746457975.0,220
First experience on guanfacine? What was it like ?,"How were the first few weeks for you ? Pros and cons ?

Kind of scared to take it due to me never taking adhd meds.

Issues are, overthinking, restless thoughts, hard time focusing, and as well as sleep.

Is it true this med makes it harder to sleep or did you have any issues with that ?
",1,https://www.reddit.com/r/ADHD/comments/1kgfhmi/first_experience_on_guanfacine_what_was_it_like/,1746564933.0,1
I am having a BAD ADHD day,"And it's all my fault. I should freaking go to bed on time. I don't wanna go to bed. I want to finish binge watching my shows and playing my games and not having to adult for the next 14 hours. It's also my fault for starting this massive home reorganization project a month ago that was rather ambitious. I've made lots of progress, but I've reached a wall of awful and I. Dont. WANNA!",34,https://www.reddit.com/r/ADHD/comments/1kfstfp/i_am_having_a_bad_adhd_day/,1746495377.0,10
adhd and depression,"rant // anyone else in such a huge hole of depression from being annoyed they have adhd? how do you even deal with it?

ive been crying for half an hour that i'm like this and the only cure is to just genuinely create productivity and routines and try your best and all this stuff, why am i even like this?? i don't even have any motivation to do things i know would help like a routine.

i haven't been able to stop feeling so depressed about this for months, i hear people without adhd talk about things in their life and i genuinely get so bitter and envious because they dont deal with executive dysfunction or struggle with getting out of a loop you got yourself in on your computer for 5 hours.

its so tiring and i have appointments for medication soon but i'm afraid that those won't help either if it feels like nothing else does/it does help and i abandon it a week later. sorry for the long essay ",7,https://www.reddit.com/r/ADHD/comments/1kg0svn/adhd_and_depression/,1746526079.0,5
Im not sure what I am taking can someone help?,"Hello, my doctor recently switched me off of vyvanse because the come down was too much for me. She was super rushed and didn‚Äôt tell me what she was putting me on, and I‚Äôm very confused. I was prescribed ACT-Methylphenidate HCL ER once daily and PMS-Methylphenidate HCL once daily, always at the same time, noon. All the research I‚Äôve done has told me they‚Äôre the same thing.",3,https://www.reddit.com/r/ADHD/comments/1kg64nv/im_not_sure_what_i_am_taking_can_someone_help/,1746542323.0,3
will the side effects ever go away?,"I was prescribed Strattera a while ago, but the 1st time I started taking it I could not stop yawning (like every 15 seconds) so I stopped taking it. I recently started again though because my adhd was getting extra bad. My doctor recommended to taper myself on to it, so 1 25mg pill/day for a week, then 2 a day, then 1 60mg pill when the 25s run out, so that‚Äôs what I‚Äôve been doing. I‚Äôve been taking it for almost a month now, 50mg/day in the morning for ~3 weeks (don‚Äôt remember exactly) and the 25s are almost gone. I‚Äôve maybe noticed a small improvement in my focus and motivation, but it feels like the side effects are just getting worse. My hands get super shaky and weak, my heart is constantly pounding (low-90s resting heart rate, my usual resting heart rate is 64), and it feels like no matter how much I breathe, I can‚Äôt get enough air in my lungs. It feels like I should be anxious about something but I‚Äôm not. It‚Äôs also really difficult to sleep because of the physical symptoms and because I can‚Äôt stop thinking. Is there anything I can do to minimize the side effects, or do I just have to wait for my body to get used to it? Because right now I feel like the small benefit I get is not worth all the side effects. ",1,https://www.reddit.com/r/ADHD/comments/1kgezsr/will_the_side_effects_ever_go_away/,1746563701.0,2
I‚Äôm starting medication tomorrow - I‚Äôm both excited and nervous,"I was diagnosed with ADHD (inattentive type) at age 9. 

I exhibit ADHD symptoms to this day and I have yet to try medication. I just recently found out that I was diagnosed as a child. 

For some reason, this thought keeps popping into my head: Do I really have ADHD? 

My doctor did not hesitate to prescribe medication. He said I‚Äôll likely feel better. 

I‚Äôm probably just nervous. ",2,https://www.reddit.com/r/ADHD/comments/1kg9cy3/im_starting_medication_tomorrow_im_both_excited/,1746550123.0,1
I think my BF is ADHD but he refuses to look into it,"I (23F) was diagnosed with ADHD a month ago. I knew I had it for literal years but wasn't in the correct situation to pursue a diagnosis/medication, but I researched almost everything there is to know about it. 

My BF (23M) and I have been living together for nearly a year now, and up until recently I assumed his behaviour was completely normal, mainly because I was the exact same way. But now that I've begun taking medication and therapy, I've realised how dysfunctional his behaviour actually is. 

He is the living embodiment of the term ""I'd forget my head if it wasn't attached to me"" he never completes a task, he has very poor memory, he has awful executive functioning skills, preferring to do tasks at ridiculous times rather than when it's reasonable (etc. Mowing the lawns at 8pm). He is dishonest, I've caught him in numerous lies about things that are not worth lying about. Lastly, he has the worst case of goldfish memory I've ever seen. If he's making a sandwich and has opened the fridge to get butter, something will catch his interest and he will abandon the whole task. Butter melted on the bench top, and fridge door open and beeping to be closed.

It is a nightmare, more so now because all the things he blamed me for in the past, was actually his doing almost completely.

I asked him if he's ever considered getting tested, and he immediately got defensive and said there wasn't anything ""wrong"" with him. I mention all the things that he does, I also did, before I got the help I needed. And that there's no shame in just being checked out. Best case scenario is that I'm wrong. He is adamant that I'm wrong, and that he will not be ""wasting his time and money"" on looking into it purely for my comfort.

He claims that he's just forgetful, and that I need to back off in analysing his every move. Does anyone have a similar issue? Or is he right to tell me to back off?",16,https://www.reddit.com/r/ADHD/comments/1kfwqpa/i_think_my_bf_is_adhd_but_he_refuses_to_look_into/,1746508584.0,33
"I put my phone in the freezer today for about an hour, how many of these stupid things do you do everyday?","I also lost a bag of lettuce I'm yet to find, I find it quite funny but it also gets quite annoying, my family think I do stuff deliberately to seem worse than I am but the frustrating thing is it's real.

If my manager gives me 2 instructions I put all my energy into one of the instructions only to forget completely the second one. On my days off my Mom asks me to feed the dog and take him for a walk so I feed my dog and while I'm waiting I play some call of duty, several hours later my mom said did you feed and walk the dog and I'm like ""oh sh*t"".

As for the phone freezer story, I was dropped off at home with a bunch of groceries and put it all away and an hour later I hear my ringtone but it's very muffled, I search my house and find it in the freezer really cold, turns out I left it scrunched up inside a bag of peas whilst I was trying to carry everything in at the same time and just chucked it in the freezer. 

Stuff like this happens all the time but this seems like the most ridiculous thing I've done.

I posted here before that my Mom dropped me off quick to pick up a package so I ran into the house and hugged my dog, went to pee then came out again and my mom said ""where's the package"".

",59,https://www.reddit.com/r/ADHD/comments/1kfnyz9/i_put_my_phone_in_the_freezer_today_for_about_an/,1746481639.0,40
Should you exercise to get effect out of your meds?,"For reference, I use 40mg Lisdexamfetamine or ""Vyanse"", my Father has been using the same for a bit and he told me about how his meds seem to do great for him when he works a lot and such, but over the weekends if he just chills out, they apparently do barely anything and he feels like crap.
I've been having a lot of negligible effect from mine lately so I'm wondering if maybe it could be to Don with that? Or anything else I don't know?",3,https://www.reddit.com/r/ADHD/comments/1kg4xjd/should_you_exercise_to_get_effect_out_of_your_meds/,1746539297.0,8
Do you have experience with guanfacine? My son is taking 1mg time release tablets.,"What is the your experience? Either you personally or your kid. I‚Äôm mostly curious about any side effects or after effects once it wears off like at the end of the day do you see an intensity in behaviors once the medication wears off? We tried half a mg of guanfacine non-time release or long acting guanfacine first. It only lasted about 4 to 6 hours and we noticed after the medication were off that our son would have intense or more intense emotional meltdowns then before taking medication. So we moved to the long acting which last about 8 to 12 hours now I‚Äôm wondering if we‚Äôre gonna have intense emotional outburst or meltdowns at bedtime. Doctor also said it shouldn‚Äôt interfere with his sleep, but he has been waking up about two hours before the time he normally wakes up every morning. So I‚Äôm just curious what your experience is with this medication if you take it or if your kids take it or have taken it.",34,https://www.reddit.com/r/ADHD/comments/1kfre3y/do_you_have_experience_with_guanfacine_my_son_is/,1746491068.0,73
Metabolizing medication,"Is anyone on adderall and another medication like an SNRI, and been told that the adderall is increasing your metabolism therefore making your other medication less effective? My doctor just told me that about my SNRI suddenly not working after years. While my psychiatrist said that is not the cause and I would be having increased anxiety, jitters etc and not deep dark depression. So they increased my SNRI dose and said go try that lets us know what happens lol Has anyone experienced anything like this? For reference I am on Venlafaxine 150mg and Adderall 10-25mg. ",2,https://www.reddit.com/r/ADHD/comments/1kg7ze5/metabolizing_medication/,1746546798.0,7
How do you tell if a slip-up was ADHD or just 'my fault' without getting stuck in guilt?,"Hey everyone, constantly finding myself stuck on this: How do you distinguish between a slip-up that feels undeniably linked to ADHD symptoms (like forgetfulness or executive dysfunction hitting hard) versus one where you feel like you just... weren't trying hard enough, or it was 'just' a mistake that anyone could make? The line feels so blurry, and it's easy to fall into a guilt spiral trying to figure out which category it falls into, especially when the 'my fault' narrative is so strong. How do you approach this internally to be accountable without getting absolutely buried by guilt, particularly when ADHD feels like the primary driver?",11,https://www.reddit.com/r/ADHD/comments/1kfyas4/how_do_you_tell_if_a_slipup_was_adhd_or_just_my/,1746515100.0,17
ADHD and Executive Dysfunction,"Hey everyone, 

I am struggling with executive dysfunction like everyone else. I was diagnosed late in 2023 and I'm in my late 20s. As a child I didn't relatively have the problem since I had structure and a relative concurrent routine. However as an adult, I struggle to get things done, or even create a routine because I can't be consistent. 

I have tried everything. From reminders, to creating a visual checklist, to constantly keep moving, never sit down until I am done with the task. 

But what kills me currently is mornings. Especially weekends. I guess I used my entire battery of masking and acting somewhat ""normal"" during the workweek that I am exhausted come Saturday and I just end up rotting in bed rather than do all the things I told myself I would do the previous night. It sucks and then suddenly it's Sunday and I didn't do anything on my to do list. 

So what tips and tricks do y'all have? I'm tired of being a sucky adult and not able to do adult things. (Side note: I am in therapy, and I take adderall, I am working on negative thoughts that come, and working through those. However I am primarily lookiing for advice or anything that y'all do to combat executive dysfunction). ",2,https://www.reddit.com/r/ADHD/comments/1kg7j71/adhd_and_executive_dysfunction/,1746545720.0,18
how can i combat or get rid of adderall nausea,hey yall so i‚Äôve been on adderall for 5 months now and it‚Äôs working wonders for me. recently though it‚Äôs been making me super nauseous maybe like 2 or 3 hours after taking it and it almost always makes me throw up atleast once or twice when i get that nausea wave. the nausea is super overpowering too like it gets b a d. i have problems with chronic nausea to begin with because ive got gerd as well but i can tell this is the type that‚Äôs actually forcefully caused by something and its not my typical type of nausea that happens because of the gerd. i can‚Äôt figure out the source of the problem and wether i eat beforehand or after taking it i cannot seem to avoid it and i even take zofran but that only seems to help the nausea subside for a little bit then comes back on again. i do take it with otc acid reflux medicine like omeprazole and pepcid because it helps it kick in better and i take them daily anyways because of the stomach problems that already exist. i thought the acid reflux medication would actually help prevent this from happening but obviously not. is me taking it with the acid reflux meds the issue? i thought it was food consumption or lack there of before taking it but that doesn‚Äôt seem to be the issue either. can anyone help? does anyone have this same issue??? it‚Äôs becoming a very prominent and annoying thing and i just cannot stand it with the nausea i already deal with.  ,1,https://www.reddit.com/r/ADHD/comments/1kgd2aj/how_can_i_combat_or_get_rid_of_adderall_nausea/,1746558994.0,4
Aderal help,I‚Äôm trying to get back onto my aderal as I‚Äôm getting to a better place in life where I feel comfortable taking it. After two days I stopped because it keeps me up until 4am (I also have generalized anxiety and medical induced anxiety) im shaking mildly as well and having occasional cold chills. Eating is also difficult. Any tips tricks. Will the shaking go away?,1,https://www.reddit.com/r/ADHD/comments/1kgcm83/aderal_help/,1746557918.0,1
Still waiting for increased libido.,"Recently diagnosed. Started Adderall at 5mg, now at 20mg 2X per day. My libido was already down to zero after a different psych before this one refused to treat for adhd and started me on 4-5 months of Zoloft. 

Killed my libido and gained 20 lbs. Then he added Wellbutrin. Did that combo for two months with zero improvements after 6 months of treatment so I found a new psych.


I‚Äôm on month 5 of adderall. It‚Äôs working in regards to focus. 

BUT I still have a healthy appetite and no libido recovery. I expected the opposite, perhaps I have not reached my perfect dose?

How‚Äôs your libido?

48 yo male. 

Edit: I never took the Zoloft or Wellbutrin again. 5 months of Adderall with no other meds. 

",0,https://www.reddit.com/r/ADHD/comments/1kgcawh/still_waiting_for_increased_libido/,1746557148.0,5
Accused of Not Paying Attention?,"I haven‚Äôt been diagnosed with ADHD, but I feel like I have it. My boyfriend gets frustrated with me because he thinks I‚Äôm not present during our conversations and that I‚Äôm thinking about other things. However on my end, I am locked into the conversation and my mind is literally blank and I‚Äôm just living in the moment. He asks me what I‚Äôm thinking and I recount what just happened and he gets more mad because he ‚Äúwas literally there.‚Äù I try to replay the conversations in my mind to see where it went wrong, but I really don‚Äôt see anything wrong. I asked him if it‚Äôs my facial expressions or my talking in tangents, but I don‚Äôt know how to fix it. He gets more frustrated while I‚Äôm having a really nice time. I‚Äôm either interrupting or shutting down to regroup. Does this sound familiar to anyone? How do I fix it?",12,https://www.reddit.com/r/ADHD/comments/1kfx56j/accused_of_not_paying_attention/,1746510203.0,10
Psychiatrist changed ritalin to medikinet and the price made me cry.,"I live in a country where ADHD is barely considered so the health service doesn‚Äôt cover the prescription. Each box was 40+ and the prescription was 120. I don‚Äôt have a job, I live in a tiny ass village with my parents, I feel like I‚Äôm just wasting money, but gettin not even a little bit better. I cried in the pharmacy while paying for the medications, I seriously considered to let a bus run me over. I‚Äôm so fricking tired there s literally no hope for me, I hate this disease, I can‚Äôt study, I can‚Äôt work, I‚Äôm miserable, I failed at everything I tried, I have fucked up relationships because of my awful behaviour. I don‚Äôt see how life is worth to be lived this way;all my little money going to meds that do little and not enjoying a single minute of any day. ",75,https://www.reddit.com/r/ADHD/comments/1kfjkzn/psychiatrist_changed_ritalin_to_medikinet_and_the/,1746471079.0,36
The doors paradise,"So. Does all N.D people struggle with door mechanisms?

Like, todays i almost full-body slammed at a one-direction automatic slide-door.

Just because the logic of ""enter door and exit door"" completely erased from my memory for solid 3 seconds before the reception employee tell me to use the exit door instead of freezing infront of the enter door which analysing why it didn't open like it did when i entered.

Why doors have to be this hard for us?",1,https://www.reddit.com/r/ADHD/comments/1kgb69m/the_doors_paradise/,1746554448.0,3
Zoloft experiences?,"I have been on the generic version of Zoloft for about a month and I have not noticed a difference. I‚Äôm on adderall too, but I feel the same. I have a hard time getting up in the morning and other depression symptoms but this medication is not doing anything. If anything, it is making me more tired and less hungry than just taking adderall. I‚Äôm at the point where I have no urge or motivation to cook that I‚Äôd rather go hungry. Out of having zero energy and a lack of appetite. What have you guys experienced with this?",1,https://www.reddit.com/r/ADHD/comments/1kgb0xp/zoloft_experiences/,1746554105.0,4
Advice with meds,"hi guys! lately it's been getting harder and harder for my body to function and I think it's because of the anxiety from all these years. that's why I've decided to start taking meds.

 I don't want meds for adhd though, (i'm autistic too) sometimes adhd causes me to be anxious , and maybe a bit obsessive but I'm okay with that, i like it. 

so I think it's all the anxiety that has been building up the years prior to my adhd autistic diagnosis and I want meds to help me with that until I feel a bit better.

  
do you guys take meds for anxiety or depression? any advice? I've got an appointment with the doctor next week.

  
P.S: I don't blame adhd / autism in the present because I've come to terms with it, it's just that a few years ago my mom got really sick and passed away, also I forced myself to play piano without enjoying it for many years and that made me feel miserable too. ",3,https://www.reddit.com/r/ADHD/comments/1kg29zk/advice_with_meds/,1746531547.0,6
Does break up hit harder for people with ADHD?,"I realized the guy that I dated exhibited so many impulsive behaviors. He is very anxious to a point that almost never had long term relationship and keep saying he is not ready for commitment. We broke up awhile ago, I saw him immediately on dating app and update his profile. We are on good term but not talking at the moment. 

How does break up affect people with ADHD? Do they expect their ex to do something? 
He suggested we stay friends but I told him we need some time apart. ",12,https://www.reddit.com/r/ADHD/comments/1kfw29i/does_break_up_hit_harder_for_people_with_adhd/,1746505993.0,25
"I‚Äôm done. Can‚Äôt sleep on a schedule (my entire life), can‚Äôt work a normal job, can‚Äôt function beyond","Literally just surviving until my next adhd appointment where I can hopefully start meds and actually have a functional life. Not sure what will happen to me as time goes on. I‚Äôm in a complex situation. And I‚Äôm tired of being so all over the place 

B okay okay okay idk idk idk idk idk idk idk ",2,https://www.reddit.com/r/ADHD/comments/1kg254t/im_done_cant_sleep_on_a_schedule_my_entire_life/,1746531094.0,5
I used ChatGPT to build me a schedule that would fit my needs.,"

I'll preface the post with letting you all know that I'm self-employed. I do UberEats and Resell stuff for a living. I'm also a virtual student that can do school anytime and no set class time. 

I have tried so hard to create an effective schedule but I just couldn't get one to work well enough - maybe it's because my brain is to step-by-step and I'm just not seeing the whole picture. Anyways. I decided to let ChatGPT give it a go and I'm really impressed with how it arranged my day. It even gave me reasons for doing it the way that it designed it.  

So, anyone that is having issues with building a schedule give ChatGPT a try. I'm thinking that I should use my Scheduled app to give me the reminders/prompts to keep me moving througout the day - I'll spend the rest of the day setting this up. 

I'll keep you all posted on how this goes.",1,https://www.reddit.com/r/ADHD/comments/1kgabjg/i_used_chatgpt_to_build_me_a_schedule_that_would/,1746552406.0,4
Parenting Two Kids with ADHD ‚Äî Need Advice Managing a Toddler While Struggling Myself,"We recently welcomed a baby boy into our family, and we also have a 2.5-year-old daughter. I truly love being a parent ‚Äî it‚Äôs meaningful and fulfilling in ways I never imagined ‚Äî but I‚Äôm also finding it incredibly difficult to parent effectively while managing my ADHD.

Now that we have two kids, I‚Äôm realizing just how much ADHD impacts my ability to be the kind of parent I want to be, especially for my toddler.

Here are a few areas I‚Äôm struggling with:

	‚Ä¢	Maintaining structure: I know toddlers thrive with routines, but I struggle to keep consistent schedules. Time blindness and executive dysfunction often throw off our day, even when I start with the best intentions.

	‚Ä¢	Modeling emotional regulation: I want to teach patience and calm problem-solving, but I personally have a hard time with frustration, especially when I‚Äôm overwhelmed or overstimulated. I‚Äôve started to notice my daughter imitating some of my reactive behaviors.

	‚Ä¢	Staying present: It‚Äôs difficult to slow down and fully engage in play or bedtime routines when my mind is racing or I‚Äôm feeling restless. I often feel guilt when I realize I‚Äôve been distracted or short-tempered.

Now with a newborn in the mix, my cognitive load feels maxed out, and I‚Äôm worried about how this is affecting both kids.

I‚Äôd really appreciate advice or insights from other ADHD parents:

	‚Ä¢	How do you manage toddlers when you‚Äôre already stretched thin by ADHD?

	‚Ä¢	Are there any systems, tools, or mindset shifts that help you maintain consistency or stay calm during tough moments?

	‚Ä¢	How do you repair things after you‚Äôve been impatient, distracted, or dysregulated?",1,https://www.reddit.com/r/ADHD/comments/1kg9xwn/parenting_two_kids_with_adhd_need_advice_managing/,1746551508.0,2
Methylphenidate and alcohol. Seeking help,"I have been recently diagnosed with ADHD (late diagnosed female adult) after being diagnosed with anxiety and depression for decades. As a teen and young adult I was pretty much impulsive and enjoyed going out to parties and drinking. Later in life my impulsivity slowed down although peaked at times . I‚Äôm currently more on the inattentive side which is somewhat good for me because I don‚Äôt end up getting drunk and behave inappropriately. After my diagnosis as a 33 year old, I was prescribed Ritalin 10 mg x2.5 daily (morning, lunch, and half in the afternoon). I immediately felt like a ‚Äúnormal‚Äù person and did not have any alcohol cravings whatsoever although craved smoking a lot more. Due to shortage, I am currently on long realise Concerta 36mg in the morning and sometimes take Rubifen (10mg) in the afternoon to focus better on my studies. I‚Äôm currently doing a PhD in Social Psychology. However, what I realised is that I am currently not only smoking much more but also want to drink a lot of alcohol. I am ashamed to admit that I have a bottle of wine on my own  and feel like a complete failure due to this. Bear in mind that I‚Äôm also taking Vortioxetine (20mg) for my depression and anxiety. I will talk to my psychiatrist about this however really want to hear honest thoughts from people who may be able to relate to my situation. Any advice? Help? Guidance? I would really appreciate it. 
Thank you ‚ù§Ô∏è‚Äçü©π",3,https://www.reddit.com/r/ADHD/comments/1kg1n1q/methylphenidate_and_alcohol_seeking_help/,1746529323.0,9
Are meds always night and day difference?,"Can I ask a very specific question? For those who felt like they generally compensated/didn't even notice their adhd symptoms, rather than cases where it was obvious and life altering, what effect did meds have when you started the right dose?

To clarify, I'm mostly inattentive, forgetful, and lack follow through due to my adhd, but 1) will meds assist with those issues any more than my therapy already is and 2) i don't know how to tell what it will look like when I am on the right meds vs one that simply doesn't have an effect. I also intend to ask psych, but was curious on perspectives from people who have experienced it.

Are the right meds always a night and day difference, like it seems reading online, or sometimes is the best possible outcome of meds just maybe helping a tiny bit and that's all/enough?

I'm still on starter dose and trial running meds, but am seeing so little difference that I'm not sure they are even doing anything at all",1,https://www.reddit.com/r/ADHD/comments/1kg9m04/are_meds_always_night_and_day_difference/,1746550740.0,7
How do I stop mumbling?,"I do know I will hear the answer of going to a speech therapist but I am looking for non speech therapist related advice. I was sent to one as a child but my parents pulled me out after one class and now I can't afford it as an adult.

Some of the current things I do to try stop mumbling during a conversation is to slow down and annunciate every word which words but the issue is that if I slow down, I lose what I am actually trying to say so its either one or the other.

Any advice appreciated",4,https://www.reddit.com/r/ADHD/comments/1kfz74p/how_do_i_stop_mumbling/,1746519117.0,3
How to open up to my parents,"I(13M) think that I have ADHD, but I'm scared that my parents will just brush it off as an excuse for not studying. How do I convince them to take me to the hospital for a professional diagnosis and maybe get some meds as well. For context I live in Macau, so my English might not be perfect, but I hope that you guys here can give me some ideas on how to open up. ",3,https://www.reddit.com/r/ADHD/comments/1kg1hbp/how_to_open_up_to_my_parents/,1746528740.0,2
Tricks to keep you on your workout routine?,"I learned that the best routine is the one that you can stick to, and while I can stick to it for a good month, after that I start to wane by only working areas I feel need help, then probably skip it for a month, before realizing I haven't worked out for a month then get right back onto the bandwagon again. 

What can I do to stay on it because I do notice hat with an augmented protein diet and working out with  10k steps, I feel so much better.",1,https://www.reddit.com/r/ADHD/comments/1kg9akl/tricks_to_keep_you_on_your_workout_routine/,1746549962.0,2
Meds: how do you feet handle poor blood flow?,"So I've been using Vyvanse for over a year, and I have some level of poor blood flow on my feet. When I spoke to my family doctor she said it was fine, to watch out for severe signals etc.

I no longer have a doctor :D but I'm interpretating this as something I can mitigate, are others with same issue have any advice? Anything you did to improve this?

I'm wondering what happens with someone that use this for a long time ü§î

I'm a software developer so without the medication I am not productive and life was much worse before it, but one day maybe in 10 years a new drug will come up that doesn't cause this side effect ü§û",2,https://www.reddit.com/r/ADHD/comments/1kg3p0b/meds_how_do_you_feet_handle_poor_blood_flow/,1746535933.0,2
I disgust myself.,"I hate myself.  But there are aspects of myself that I do like. I can empathise a lot with people. Probably that's all I like.

I hate almost every aspect of myself and my life. I hate that I lose every friend that I try to make. I push people away. And almost always lose friends eventually.  Maybe because after a while they realise I'm boring or maybe because I don't put as much effort in as I did before. I'm super introverted and anxious. But sometimes I do manage. But overall I'm terrible at conversation.

I don't feel motivated to do stuff. But I want to try stuff. I feel so down all the time. And anxious too. I'm tired. Even if I really want to I can't get myself to do anything. 

I can't seem to eat well or workout. I might lose my relationship. I keep thinking I'm not good enough for him ( he's amazing). I'll bring him down with me. 

I can't even seem to do the smallest thing I decide. Let's say I want to hit the gym. I break it down, wake up early. But I can't even seem to do that.

I can't retain any information. Even it's a hobby. The plot of a movie I liked...or the actors involved, I forget everything eventually. 

These aren't isolated issues. Everything affects the other. And if I don't maintain all, I get pulled down by one issue or the other. I can't seen to get out of this cycle. Everything is so overwhelming. I cry at every inconvenience. Idk nothing about the world. I'm an immature brat who knows nothing and whines. I feel like I was born yesterday. 

I don't want to be here anymore. The world isn't for me. I'm a waste of space.

Note: I'm in therapy and on medication for ADD

Edit: idk if these feelings have anything to do with ADHD but I felt this community would understand.  Sorry if this doesn't belong here.",44,https://www.reddit.com/r/ADHD/comments/1kfkmx3/i_disgust_myself/,1746473563.0,17
Anyone successfully learn a language/is fluent?,"I've been studying a language on and off for over 10 years and I still have no real grasp of the language. I feel so stupid yet I feel like I learn so much, it's like how am I not fluent yet? I can't understand written or verbal communication, I can read it but no clue what it says cause the grammar is hard. I took Italian in high school and was pretty good, my mom spoke Spanish the whole time I grew up, never taught me, but I still barely retain anything, just the same shit you learn in school. I love to start learning a language and getting basics. But this one language I want to master SO bad. I even do a word of the day in the language to build up my vocab. Can anyone relate? It makes me feel like I can't master ANYTHING. I mean sometimes I feel like I forget English, my native language. If you have mastered a language, do you have any tips? Thanks 


If this is a common topic lmk I apologize, I don't want to annoy the sub ",2,https://www.reddit.com/r/ADHD/comments/1kg37hj/anyone_successfully_learn_a_languageis_fluent/,1746534466.0,8
Sometimes being kind (to others AND yourself) actually pays off - a small win,"Last night I came home in a good mood and found my teenage daughter with ADHD still playing Minecraft at midnight on a school night. Instead of immediately getting frustrated (my usual reaction), I asked how she was doing.

She confessed she couldn't bring herself to make her bed with the clean sheets, despite wanting to. When I went to help, I found what I call an ""ADHD nest"" - a chaotic collection of everything that had accumulated there over who knows how long.

Normally this would trigger me big time, but tonight I chose compassion instead. I helped her clean up without judgment, gave her a hug, and sent her to bed feeling supported rather than shamed.

Then I went to my room and found... my own ADHD nest waiting for me. At first I felt sad that I didn't have someone to help me the way I'd helped my daughter. But then it hit me - I could be that person for myself too.

So I cleaned up my space with the same patience and kindness I'd just shown my daughter. Went to bed feeling pretty good about breaking the frustration cycle, even if just for one night.

Just wanted to share this small win. Sometimes choosing the kinder path (even when it feels harder in the moment) actually leaves everyone feeling better, including yourself.",6,https://www.reddit.com/r/ADHD/comments/1kfxnxe/sometimes_being_kind_to_others_and_yourself/,1746512370.0,1
ADHD and Bipolar Disorder in Adulthood: Clinical and Treatment Implications,"article dated 2021  
From¬†[https://pmc.ncbi.nlm.nih.gov/articles/PMC8151516/](https://pmc.ncbi.nlm.nih.gov/articles/PMC8151516/)

ADHD and Bipolar Disorder in Adulthood: Clinical and Treatment Implications  
In a Swiss study on 138 BD patients referred to a specialized mood disorders clinic, around half of them scored positive on the Adult ADHD Self-Report Scale. However, a correct diagnosis of ADHD was made in 20% of patients, suggesting that the overlapping symptomatology between ADHD and BD could lead to false positives when using a screening tool.  
¬†  
**only a few studies have addressed the efficacy and tolerability of these psychopharmacologic interventions in subjects with ADHD and comorbid BD. Specifically, a point of debate relates to the possible induction of manic episodes in patients exposed to ADHD medications such as stimulants or atomoxetine.**  
¬†  
Adults with ADHD and comorbid BD are a particularly critical group of patients showing a severe and burdensome clinical picture, with a lower quality of life, a higher number of mood episodes, an increased prevalence of substance abuse and dependence, and a worse overall functioning.¬†**In spite of that, only a few studies have investigated the best treatment modalities in these complex patients, therefore recommendations should still be considered as preliminary.**

\_\_\_\_\_\_\_\_\_\_\_\_\_\_\_\_\_\_\_

this is not okay.  
this needs to be fixed, now.",1,https://www.reddit.com/r/ADHD/comments/1kg87qd/adhd_and_bipolar_disorder_in_adulthood_clinical/,1746547341.0,1
Learning through Hyperfixations?,"Hi!!üëã    
I‚Äôm Gianna Rosello, a 19-year-old creator with ADHD. Recently, I was struggling to learn a new subject I had no interest in, wanting to spend all my time consuming content of my hyperfixation instead. But this gave me the idea, what if I could combine the two?  
  
So, I've started to design a learning tool called Fix8 to help ADHD learners by turning lessons into interactive storylines based on their hyperfixations, making learning fun and personalized.    
   
Besides having ADHD myself, I've also spent most of my life caring for and teaching my younger sisters who all have special needs, so I know how important it is to have tools that truly work for us.   
  
I‚Äôve made a [carrd](https://fixate.carrd.co/) with a short video that gives a quick overview of how the tool would work, and I‚Äôd love to hear your feedback!  
  
Thank you for your time and support, it means everything! üòä  ",1,https://www.reddit.com/r/ADHD/comments/1kg7t96/learning_through_hyperfixations/,1746546389.0,1
How should my ADHD meds make me feel?,"I‚Äôm a 39F and started ADHD meds yesterday to match my new diagnosis (yay! Things make sense now!) As I‚Äôm gauging whether or not the meds are working over the next couple of weeks‚Ä¶can anyone explain to me how they should be making me feel exactly? I feel like I don‚Äôt know what to expect. A quieter mind? More organized thoughts? I mostly struggle with focus on ordinary tasks throughout the day, mixed with a bit of anxiety. I‚Äôve implemented lots of organizational strategies in my life, meds are for that extra support. 

I guess I‚Äôm asking- for those that medicine really helps, how did it make you feel different in a good way? Or if didn‚Äôt, how did you know it was time to try something else? Thank you!",1,https://www.reddit.com/r/ADHD/comments/1kg7grj/how_should_my_adhd_meds_make_me_feel/,1746545560.0,8
Wellbutrin vs adderall,"I‚Äôm currently on 300mg extended release Wellbutrin for my ADHD, binge eating, and low energy.  Although it‚Äôs helped a bit with my energy, it‚Äôs done absolutely nothing for my ADHD or binging so I‚Äôm considering switching or adderall. I‚Äôm interested to hear everyone‚Äôs experiences especially in relation to adjustment times, binging, and if/how it‚Äôs improved your work performance. I spend all day staring at a computer screen and can‚Äôt go more than a few seconds without losing focus which has a huge negative impact on my weekly bonus. ",1,https://www.reddit.com/r/ADHD/comments/1kg7czd/wellbutrin_vs_adderall/,1746545308.0,1
How do you stop feeling like a self-optimization machine without slipping into total bed-rot?,"Lately, I‚Äôve found myself trying to ‚Äúhackify‚Äù everything‚Äîfrom how I relax, to how I eat, to how I text back.
If something isn‚Äôt efficient or part of a routine, my brain screams ‚Äúwaste of time.‚Äù
But at the same time‚Ä¶ if I actually listened to my gut instinct, I‚Äôd probably just lie in bed all day.
So I keep the ball rolling out of fear I‚Äôll stop moving altogether.

It feels like I‚Äôm walking a tightrope between being a machine and being a blob.

How do you find balance? How do you re-learn how to just be, without everything needing to be productive?",8,https://www.reddit.com/r/ADHD/comments/1kfvcud/how_do_you_stop_feeling_like_a_selfoptimization/,1746503476.0,6
Moving to Colombia: Experience with meds,"Hey everyone,

I‚Äôm moving from Germany to Bogot√°, Colombia for one year and I‚Äôm looking for advice from anyone with experience managing ADHD medication abroad.

I have an official ADHD diagnosis and take Elvanse (German version of Vyvanse) regularly. I believe the equivalent in Colombia is called Samexid.

Here are my main questions:
- Is it possible (and legal) to bring a full year‚Äôs supply of Elvanse with me?
- Has anyone successfully gotten ADHD medication prescribed in Colombia? How does the process work?
- Is Samexid actually available at pharmacies in Bogot√°? Or is it hard to find?
- Would a foreign insurance plan typically cover medication or treatment locally?
- How strict is Colombian customs with stimulant medication?

I‚Äôm thinking to write to the Colombian embassy, but wanted to ask here first in case anyone has personal experience.

Thanks a lot!",1,https://www.reddit.com/r/ADHD/comments/1kg6sgo/moving_to_colombia_experience_with_meds/,1746543958.0,1
Adderall Supplement,"Hi!

My area is currently facing a shortage of Adderall XR 30mg. I‚Äôm on week two without it and really starting to struggle. I don‚Äôt want to backslide mentally and upping caffeine intake just isn‚Äôt working - giving me a body buzz but I still feel dead behind the eyes.

I was just wondering if there were any supplements for focus any of y‚Äôall would recommend? That‚Äôs my overall issue, getting locked in so I can get my work done or keep my house tidy.

I would prefer something I can access quickly from CVS, Target, GNC, etc.

Thanks in advance, I really appreciate it ‚ò∫Ô∏è",1,https://www.reddit.com/r/ADHD/comments/1kg6pqg/adderall_supplement/,1746543770.0,4
Am im the only one?,"Is it normal for people with adhd to be afraid to tell their parents about things they want to do ? Especially when your a adult,  i know it might be embarrassing but im always afraid to tell one of my things that's seems a little different I guess you can say, im afraid to ask because I feel they would react negatively to it, I don't do well with anger so im always kinda scared to tell them because I don't want to be yelled at all because I want time to myself especially when I'm always helping out family. ",5,https://www.reddit.com/r/ADHD/comments/1kfwl11/am_im_the_only_one/,1746507965.0,11
How do you all fight avoidance sleepiness?,"I need to study, but every part of me is rebelling. I do not want to study at all. In fact, I want to go home and sleep. I'm not going home from the library any time soon, but I don't know how to restart and get the motivation I had earlier to come back. I know this is because of the avoidance part of ADHD--if I sleep then I won't feel this boredom and don't have to study. 

I don't know how to combat it at all. Talking a walk and giving myself a break doesn't really help because it just solidifies the urge to go home. What do you all do to stop this feeling? All the medication in the world won't stop me from wanting to avoid a task I don't want to do. 

  
Does anyone have any tips or tricks to get this annoying feeling to go away? ",35,https://www.reddit.com/r/ADHD/comments/1kfk7e7/how_do_you_all_fight_avoidance_sleepiness/,1746472546.0,13
Need advice with a friendship situation,"I have adhd and I really cannot tell if my emotions are out of control or valid. My son‚Äôs best friends mother said something to me on a group text and I feel really upset about it. Both of our sons are in band for their school and my son also plays lacrosse for club and town. They were supposed to preform for a big public event last weekend. My son had a lacrosse game and then we were going to go to the band event. Timing was great. But the town event got moved earlier and we were not able to make the band event bc of the time change. The mother called me out on a group chat basically saying my son should quit the band bc it‚Äôs not fair to his band mates and he‚Äôs choosing sports over arts. And was saying he has missed other band things which he hasn‚Äôt. She made a lot of assumptions and it jjst really through me off guard and offended and upset me. I haven‚Äôt been able to stop thinking about it. She also shared her opinions with her son and then her son was grilling my son about not going which I found to be highly inappropriate. 

But I don‚Äôt want to overreact and ruin a friendship which seems to always happen. I have been gaslit so many times when it comes to my emotions I can‚Äôt tell if they are within normal or just an overreaction. ",0,https://www.reddit.com/r/ADHD/comments/1kg59qi/need_advice_with_a_friendship_situation/,1746540166.0,2
Dose increased,"Yesterday my psychiatrist increased my medication to 50mg Adderall XR. I‚Äôm thankful for the increase since it was desperately needed but from what I‚Äôve read it seems like 50mg of XR is a fairly high dose.

Is there anything I should be looking into to be sure the dose isn‚Äôt affecting my body in negative ways? I know Adderall can sometimes cause heart issues and such. Is that made worse by a higher dose?",1,https://www.reddit.com/r/ADHD/comments/1kg54j4/dose_increased/,1746539810.0,1
What do I do if I've missed my meds?,"I missed my meds today, usually take them around 6am, only just realized now and it's 3pm, I'd imagine the answer is just wait it out til tomorrow, but at the same time, I'm gonna be so useless today, what do I do? I'm in a dilemma right now and I'm already noticing just how sluggish and slow I am.",1,https://www.reddit.com/r/ADHD/comments/1kg51ij/what_do_i_do_if_ive_missed_my_meds/,1746539589.0,10
Does your partner know your ADHD med dosage/schedule?,"I‚Äôm wondering how open people are with their partners about their ADHD medication, specifically dosage and timing. Do you let your partner know when you‚Äôve taken your meds, and how much? Or do you keep it to yourself?

Personally, I tend to keep it private. If someone asks, I might even lie and say a lower number than what I‚Äôm actually taking. I‚Äôm not proud of that, but it feels easier than having to explain or justify it. I‚Äôm currently on both Vyvanse and Dex, and sometimes I feel like if I gave the full numbers, it would sound like ‚Äútoo much‚Äù to someone who doesn‚Äôt really understand ADHD or stimulant dosing.

But I‚Äôm also questioning whether this secrecy is actually serving me. Would it be better to be fully transparent, or at least more open, especially with someone I live with or am in a long-term relationship with? Do other people share their full med regimen with their partners, or is it common to keep it vague?

Curious to hear what others do and what your reasoning is.",20,https://www.reddit.com/r/ADHD/comments/1kfnhps/does_your_partner_know_your_adhd_med/,1746480431.0,46
huge anxiety/panic attacks,"Hey, I've been under Medikinet for the past 6 months and It's been great for the productivity side, just a miracle. I still have my moments but it's part of me and meds help me a lot to cope with it. Although my mental is awful under methylphenidate (suicidal, anxiety, panic attacks, tachycardia) most of the times (for the past 1/2 weeks It's been unbearable that's why I'm reaching out with this post) and despite this I'm not willing to give up on methylphenidate due to It's effectiveness, I'd be on the streets without it. I used to be on SSRI's (which could've helped to contrast medikinet's side effects) and I had to give up due to side effects combined with methylphenidate (serotonin syndrome?) and I'm currently tapering from benzos so there's really nothing I can take to contrast the side effects. I was given some natural herbs (Tractana) but they do not seem to help. I tried Atomoxetine before getting on stimulants but I'd still have panic attacks and HUGE mental sedation to the point I could stare at the wall for hours. I experience this ""sedation"" on medikinet too but It's less noticeable and most importantly it's part of the rebound effect, meaning that I still get to benefit from medikinet for a good amount of hours before collapsing, I try to benefit from this by making it coincide with bedtime. I'd love to try Vyvanse/Elvanse but It's not approved in my country. There's a little chance I could try Amfexa (recently approved) but I'm afraid the anxiety could get worse due to it being stronger and I'm already in a HORRIBLE state. Thank you for reading!",1,https://www.reddit.com/r/ADHD/comments/1kg4r6w/huge_anxietypanic_attacks/,1746538828.0,1
"Your diagnosis is meant to explain your behavior, not restrict it","Yes, people with ADHD tend to struggle with math, but that doesn't mean someone with ADHD can't become a great mathematician. Yes, ADHD makes you very distractible. But that doesn't mean you can't develop a system to minimize distractions. 

I know ADHD is a spectrum, and some folks have it more severe than others. I don't mean to undermine anyone's struggles or in any way imply that ADHD is all in our heads. 

This is more so a message to myself than anyone else in particular. 

Before getting diagnosed, I just assumed I wasn't as naturally gifted as my classmates, and I had to work harder to achieve the same results. I went from being a B- student in high school to being in the top 4% of my class in med school. 

I noticed that, after being diagnosed and getting on medication, I began to struggle more and more with staying disciplined. It was like my symptoms, which I had previously had a pretty good handle on, suddenly became much harder to control now that I had a name for them.

And I noticed that, on a subconscious level, I suppose, some part of me was telling me, ""Ah, what the hell, I'll just keep doomscrolling through YouTube Shorts. My ADHD is making me do it."" Which really perplexed me, because I thought getting diagnosed was going to help me understand and control my habits. But instead, on some level, I sometimes use it as an excuse. 

Again. ADHD is real, and it makes everything more difficult. I really hope this post doesn't come across as minimizing anybody's struggles. Maybe this post applies to no one but me. But I know that there are no unique experiences, and so, if this is something I noticed about myself, someone else is probably going through it too. 

Your diagnosis is meant to help you develop the right systems to achieve your goals, not narrow them down.",1397,https://www.reddit.com/r/ADHD/comments/1kew523/your_diagnosis_is_meant_to_explain_your_behavior/,1746397371.0,130
Is extreme fear of judgement and being perceived + social anxiety an ADHD thing?,"The best way I can explain it is that I have an issue with being perceived by people. I'm a chronic ghoster and I never have real life friends for more than a few months. I'm only recently an adult but the few jobs I have I always end up quitting after a few months as well. Even just when I'm shopping in the grocery store I have intense anxiety about everyone who so much as glances as me and then I never want to be seen there again. I will even go out of my way to go to different grocery stores so I never go to the same one twice in a row. With the friends I do have, I'm almost controlling with what I do and don't reveal about myself because I want them to perceive me in specific ways, and when I reveal a part of myself that I didn't intend to on accident I will freak out and stop talking to them for days (besides a few very close friends that i'm comfortable with). I went to a small school yet almost no one knew my name by graduation time because of how much I avoided people. I'm overly insecure and I don't even mean about my looks, if I so much as talk about one of my interests I'm just flooded with regret.

  
Could this be an ADHD thing? I know I have anxiety but I'm just wondering if anyone could relate. It's an obstacle i'm really just now starting to try to overcome as it's setting me back very far in life. This isn't meant to be a rant or anything, genuinely wondering if this could be associated because I've been diagnosed my whole life but only recently did I start taking meds and educating myself on ADHD.",3,https://www.reddit.com/r/ADHD/comments/1kfwyo4/is_extreme_fear_of_judgement_and_being_perceived/,1746509460.0,4
Adderall Prescription Cost,"Hey everyone!

I‚Äôve been taking Generic Adderall and have had issues with certain generics not working as well depending on what the pharmacy could stock. My doctor wants me to try name brand. My insurance denies it because of my ‚Äúage‚Äù..which is frustrating itself but with GoodRX my generic is $32, but name brand will be $200. Does anyone have any suggestions on what to do to make it cheaper?",1,https://www.reddit.com/r/ADHD/comments/1kg3smx/adderall_prescription_cost/,1746536227.0,5
Stuck in a loop and not sure why ?,"I don‚Äôt know why, but I constantly feel stuck in life. Every night, I plan things out meticulously before bed. I tell myself, ‚ÄúTomorrow, I‚Äôll get it all done.‚Äù Then I sleep, wake up... and don‚Äôt do any of it.

As the day goes on, I keep thinking, ‚ÄúOkay, I‚Äôll start now.‚Äù But I don‚Äôt. Eventually, the guilt kicks in. So, I try to escape that guilt by indulging in distractions scrolling, bingeing, whatever. Then comes the guilt for that, too.

By the end of the day, I‚Äôm full of regret and tell myself, ‚ÄúTomorrow for sure.‚Äù And the cycle just repeats.

Sometimes I wonder if it‚Äôs ADHD. Or am I just being lazy? Anyone else stuck in this loop?
",20,https://www.reddit.com/r/ADHD/comments/1kflpg4/stuck_in_a_loop_and_not_sure_why/,1746476122.0,13
